{"v":"5.5.4","fr":60,"ip":0,"op":180,"w":800,"h":800,"nm":"toaster","ddd":0,"assets":[{"id":"comp_0","layers":[{"ddd":0,"ind":1,"ty":0,"nm":"bread","refId":"comp_1","sr":1,"ks":{"o":{"a":0,"k":100,"ix":11},"r":{"a":0,"k":0,"ix":10},"p":{"a":0,"k":[400,400,0],"ix":2},"a":{"a":0,"k":[400,400,0],"ix":1},"s":{"a":0,"k":[100,100,100],"ix":6}},"ao":0,"w":800,"h":800,"ip":0,"op":180,"st":0,"bm":0},{"ddd":0,"ind":2,"ty":0,"nm":"bread","refId":"comp_1","sr":1,"ks":{"o":{"a":0,"k":100,"ix":11},"r":{"a":0,"k":0,"ix":10},"p":{"a":0,"k":[480,353.5,0],"ix":2},"a":{"a":0,"k":[400,400,0],"ix":1},"s":{"a":0,"k":[100,100,100],"ix":6}},"ao":0,"w":800,"h":800,"ip":0,"op":180,"st":0,"bm":0},{"ddd":0,"ind":3,"ty":4,"nm":"shine","sr":1,"ks":{"o":{"a":0,"k":100,"ix":11},"r":{"a":0,"k":0,"ix":10},"p":{"a":0,"k":[400,403.5,0],"ix":2},"a":{"a":0,"k":[0,0,0],"ix":1},"s":{"a":0,"k":[100,100,100],"ix":6}},"ao":0,"shapes":[{"ty":"gr","it":[{"ind":0,"ty":"sh","ix":1,"ks":{"a":0,"k":{"i":[[0,0],[-7,-22],[0,-17.5],[0,0]],"o":[[0,0],[7,22],[0,17.5],[0,0]],"v":[[71.5,42],[108,84.5],[116,133.5],[116,225]],"c":false},"ix":2},"nm":"Path 1","mn":"ADBE Vector Shape - Group","hd":false},{"ty":"st","c":{"a":0,"k":[1,1,1,1],"ix":3},"o":{"a":0,"k":100,"ix":4},"w":{"a":0,"k":10,"ix":5},"lc":2,"lj":2,"bm":0,"nm":"Stroke 1","mn":"ADBE Vector Graphic - Stroke","hd":false},{"ty":"tr","p":{"a":0,"k":[0,0],"ix":2},"a":{"a":0,"k":[0,0],"ix":1},"s":{"a":0,"k":[100,100],"ix":3},"r":{"a":0,"k":0,"ix":6},"o":{"a":0,"k":100,"ix":7},"sk":{"a":0,"k":0,"ix":4},"sa":{"a":0,"k":0,"ix":5},"nm":"Transform"}],"nm":"Shape 1","np":2,"cix":2,"bm":0,"ix":1,"mn":"ADBE Vector Group","hd":false},{"ty":"tm","s":{"a":0,"k":0,"ix":1},"e":{"a":0,"k":70,"ix":2},"o":{"a":0,"k":0,"ix":3},"m":1,"ix":2,"nm":"Trim Paths 1","mn":"ADBE Vector Filter - Trim","hd":false}],"ip":0,"op":180,"st":0,"bm":0},{"ddd":0,"ind":4,"ty":4,"nm":"pedal Outlines","sr":1,"ks":{"o":{"a":0,"k":100,"ix":11},"r":{"a":0,"k":0,"ix":10},"p":{"a":1,"k":[{"i":{"x":0.667,"y":1},"o":{"x":0.333,"y":0},"t":20,"s":[632.982,558.108,0],"to":[0,14.542,0],"ti":[0,-12.875,0]},{"i":{"x":0.667,"y":1},"o":{"x":0.333,"y":0},"t":40,"s":[632.982,645.358,0],"to":[0,12.875,0],"ti":[0,1.667,0]},{"i":{"x":0.667,"y":0.667},"o":{"x":0.333,"y":0.333},"t":50,"s":[632.982,635.358,0],"to":[0,0,0],"ti":[0,0,0]},{"i":{"x":0.667,"y":1},"o":{"x":0.333,"y":0},"t":120,"s":[632.982,635.358,0],"to":[0,-22.833,0],"ti":[0,12.875,0]},{"i":{"x":0.667,"y":1},"o":{"x":0.333,"y":0},"t":130,"s":[632.982,498.358,0],"to":[0,-12.875,0],"ti":[0,-9.958,0]},{"t":140,"s":[632.982,558.108,0]}],"ix":2},"a":{"a":0,"k":[69.129,54.225,0],"ix":1},"s":{"a":0,"k":[100,100,100],"ix":6}},"ao":0,"shapes":[{"ty":"gr","it":[{"ind":0,"ty":"sh","ix":1,"ks":{"a":0,"k":{"i":[[0,0],[-6.512,-3.785],[0,0],[-6.555,3.784],[0,0],[6.512,3.784],[0,0],[6.563,-3.789]],"o":[[-6.555,3.784],[0,0],[6.512,3.784],[0,0],[6.563,-3.79],[0,0],[-6.512,-3.784],[0,0]],"v":[[-62.289,11.531],[-62.367,25.295],[-43.871,36.043],[-20.109,36.043],[62.281,-11.526],[62.367,-25.293],[43.871,-36.043],[20.101,-36.038]],"c":true},"ix":2},"nm":"Path 1","mn":"ADBE Vector Shape - Group","hd":false},{"ty":"fl","c":{"a":0,"k":[0.200139692718,0.200139647839,0.200139662799,1],"ix":4},"o":{"a":0,"k":100,"ix":5},"r":1,"bm":0,"nm":"Fill 1","mn":"ADBE Vector Graphic - Fill","hd":false},{"ty":"tr","p":{"a":0,"k":[69.129,40.077],"ix":2},"a":{"a":0,"k":[0,0],"ix":1},"s":{"a":0,"k":[100,100],"ix":3},"r":{"a":0,"k":0,"ix":6},"o":{"a":0,"k":100,"ix":7},"sk":{"a":0,"k":0,"ix":4},"sa":{"a":0,"k":0,"ix":5},"nm":"Transform"}],"nm":"Group 1","np":2,"cix":2,"bm":0,"ix":1,"mn":"ADBE Vector Group","hd":false},{"ty":"gr","it":[{"ind":0,"ty":"sh","ix":1,"ks":{"a":0,"k":{"i":[[0,0],[-2.608,-1.515],[-1.808,-0.753],[-6.461,3.7],[-3.588,2.067],[-1.666,1.045],[0.008,2.821],[-0.039,-7.053],[0.077,-2.626],[2.79,-1.61],[1.4,-0.803],[3.947,-0.156],[4.41,2.563],[2.406,1.834],[0.113,2.438],[0.005,0.842],[0.046,8.171],[0.003,0.667]],"o":[[0.288,3.254],[2.174,1.264],[6.851,2.852],[0.339,-0.194],[18.976,-10.934],[2.268,-1.422],[0.039,7.053],[0.015,2.627],[-0.101,3.47],[-4.176,2.411],[-3.416,1.963],[-5.115,0.201],[-3.606,-2.096],[-1.906,-1.452],[-0.039,-0.842],[-0.045,-8.172],[-0.004,-0.667],[0,0]],"v":[[-67.305,-5.881],[-61.677,0.934],[-41.939,12.212],[-19.893,11.02],[-13.695,7.449],[62.752,-36.704],[67.109,-43.292],[67.226,-22.133],[67.269,-14.234],[61.703,-6.926],[-19.62,40.027],[-30.81,43.091],[-45.111,39.539],[-63.797,28.542],[-67.185,22.68],[-67.2,20.145],[-67.336,-4.368],[-67.346,-6.37]],"c":true},"ix":2},"nm":"Path 1","mn":"ADBE Vector Shape - Group","hd":false},{"ty":"fl","c":{"a":0,"k":[0.100101388669,0.10010137371,0.10010138119,1],"ix":4},"o":{"a":0,"k":100,"ix":5},"r":1,"bm":0,"nm":"Fill 1","mn":"ADBE Vector Graphic - Fill","hd":false},{"ty":"tr","p":{"a":0,"k":[69.248,64.907],"ix":2},"a":{"a":0,"k":[0,0],"ix":1},"s":{"a":0,"k":[100,100],"ix":3},"r":{"a":0,"k":0,"ix":6},"o":{"a":0,"k":100,"ix":7},"sk":{"a":0,"k":0,"ix":4},"sa":{"a":0,"k":0,"ix":5},"nm":"Transform"}],"nm":"Group 2","np":2,"cix":2,"bm":0,"ix":2,"mn":"ADBE Vector Group","hd":false}],"ip":0,"op":180,"st":0,"bm":0},{"ddd":0,"ind":5,"ty":4,"nm":"pedal shadow","sr":1,"ks":{"o":{"a":0,"k":20,"ix":11},"r":{"a":0,"k":0,"ix":10},"p":{"a":1,"k":[{"i":{"x":0.667,"y":1},"o":{"x":0.333,"y":0},"t":20,"s":[400,400,0],"to":[0,14.542,0],"ti":[0,-12.875,0]},{"i":{"x":0.667,"y":1},"o":{"x":0.333,"y":0},"t":40,"s":[400,487.25,0],"to":[0,12.875,0],"ti":[0,1.667,0]},{"i":{"x":0.667,"y":0.667},"o":{"x":0.333,"y":0.333},"t":50,"s":[400,477.25,0],"to":[0,0,0],"ti":[0,0,0]},{"i":{"x":0.667,"y":1},"o":{"x":0.333,"y":0},"t":120,"s":[400,477.25,0],"to":[0,-22.833,0],"ti":[0,12.875,0]},{"i":{"x":0.667,"y":1},"o":{"x":0.333,"y":0},"t":130,"s":[400,340.25,0],"to":[0,-12.875,0],"ti":[0,-9.958,0]},{"t":140,"s":[400,400,0]}],"ix":2},"a":{"a":0,"k":[0,0,0],"ix":1},"s":{"a":0,"k":[100,100,100],"ix":6}},"ao":0,"shapes":[{"ty":"gr","it":[{"ind":0,"ty":"sh","ix":1,"ks":{"a":0,"k":{"i":[[0,0],[0,0],[0,0],[-12.875,6.625],[0,0],[-0.125,6.5]],"o":[[0,0],[0,0],[0,0],[10.605,-5.457],[0,0],[0.26,-13.507]],"v":[[280.5,125],[166.5,194],[166.5,223],[178.5,232.75],[281.938,172.813],[287,162.75]],"c":true},"ix":2},"nm":"Path 1","mn":"ADBE Vector Shape - Group","hd":false},{"ty":"fl","c":{"a":0,"k":[0.313725501299,0.415686309338,0.47058826685,1],"ix":4},"o":{"a":0,"k":100,"ix":5},"r":1,"bm":0,"nm":"Fill 1","mn":"ADBE Vector Graphic - Fill","hd":false},{"ty":"tr","p":{"a":0,"k":[0,0],"ix":2},"a":{"a":0,"k":[0,0],"ix":1},"s":{"a":0,"k":[100,100],"ix":3},"r":{"a":0,"k":0,"ix":6},"o":{"a":0,"k":100,"ix":7},"sk":{"a":0,"k":0,"ix":4},"sa":{"a":0,"k":0,"ix":5},"nm":"Transform"}],"nm":"Shape 1","np":2,"cix":2,"bm":0,"ix":1,"mn":"ADBE Vector Group","hd":false}],"ip":0,"op":180,"st":0,"bm":0},{"ddd":0,"ind":6,"ty":4,"nm":"toaster Outlines","sr":1,"ks":{"o":{"a":0,"k":100,"ix":11},"r":{"a":0,"k":0,"ix":10},"p":{"a":0,"k":[418.496,453.745,0],"ix":2},"a":{"a":0,"k":[292.128,304.747,0],"ix":1},"s":{"a":0,"k":[100,100,100],"ix":6}},"ao":0,"shapes":[{"ty":"gr","it":[{"ind":0,"ty":"sh","ix":1,"ks":{"a":0,"k":{"i":[[-4.477,0.876],[0.009,-6.73],[0,0],[4.477,-0.876],[-0.009,6.728],[0,0]],"o":[[4.476,-0.876],[0,0],[-0.009,6.729],[-4.476,0.876],[0,0],[0.008,-6.729]],"v":[[0.133,-99.181],[8.249,-88.546],[8.017,85.362],[-0.132,99.181],[-8.249,88.547],[-8.017,-85.362]],"c":true},"ix":2},"nm":"Path 1","mn":"ADBE Vector Shape - Group","hd":false},{"ty":"fl","c":{"a":0,"k":[0.312061025582,0.416364841835,0.470994926901,1],"ix":4},"o":{"a":0,"k":100,"ix":5},"r":1,"bm":0,"nm":"Fill 1","mn":"ADBE Vector Graphic - Fill","hd":false},{"ty":"tr","p":{"a":0,"k":[491.65,412.099],"ix":2},"a":{"a":0,"k":[0,0],"ix":1},"s":{"a":0,"k":[100,100],"ix":3},"r":{"a":0,"k":0,"ix":6},"o":{"a":0,"k":100,"ix":7},"sk":{"a":0,"k":0,"ix":4},"sa":{"a":0,"k":0,"ix":5},"nm":"Transform"}],"nm":"Group 2","np":2,"cix":2,"bm":0,"ix":1,"mn":"ADBE Vector Group","hd":false},{"ty":"gr","it":[{"ind":0,"ty":"sh","ix":1,"ks":{"a":0,"k":{"i":[[0,0],[0,0],[-25.988,-14.99],[0,0],[0,-25.988],[0,0]],"o":[[0,0],[0,-25.987],[0,0],[25.989,14.99],[0,0],[0,0]],"v":[[-195.084,25.929],[-195.084,-216.003],[-147.833,-235.998],[147.833,-65.45],[195.084,9.056],[195.084,250.988]],"c":true},"ix":2},"nm":"Path 1","mn":"ADBE Vector Shape - Group","hd":false},{"ty":"fl","c":{"a":0,"k":[0.724217792586,0.805442121917,0.862395163143,1],"ix":4},"o":{"a":0,"k":100,"ix":5},"r":1,"bm":0,"nm":"Fill 1","mn":"ADBE Vector Graphic - Fill","hd":false},{"ty":"tr","p":{"a":0,"k":[195.334,358.255],"ix":2},"a":{"a":0,"k":[0,0],"ix":1},"s":{"a":0,"k":[100,100],"ix":3},"r":{"a":0,"k":0,"ix":6},"o":{"a":0,"k":100,"ix":7},"sk":{"a":0,"k":0,"ix":4},"sa":{"a":0,"k":0,"ix":5},"nm":"Transform"}],"nm":"Group 3","np":2,"cix":2,"bm":0,"ix":2,"mn":"ADBE Vector Group","hd":false},{"ty":"gr","it":[{"ind":0,"ty":"sh","ix":1,"ks":{"a":0,"k":{"i":[[26.251,14.862],[0,0],[0,0],[0,-28.877],[0,0],[0,0],[0,0]],"o":[[0,0],[0,0],[37.9,22.811],[0,0],[0,0],[0,0],[0,-25.959]],"v":[[69.226,-95.155],[61.806,-99.429],[-111.065,2.36],[-62.65,85.018],[-62.65,99.429],[111.065,-2.026],[111.065,-24.575]],"c":true},"ix":2},"nm":"Path 1","mn":"ADBE Vector Shape - Group","hd":false},{"ty":"fl","c":{"a":0,"k":[0.999999820485,0.999999760646,0.999999820485,1],"ix":4},"o":{"a":0,"k":100,"ix":5},"r":1,"bm":0,"nm":"Fill 1","mn":"ADBE Vector Graphic - Fill","hd":false},{"ty":"tr","p":{"a":0,"k":[465.023,283.702],"ix":2},"a":{"a":0,"k":[0,0],"ix":1},"s":{"a":0,"k":[100,100],"ix":3},"r":{"a":0,"k":0,"ix":6},"o":{"a":0,"k":100,"ix":7},"sk":{"a":0,"k":0,"ix":4},"sa":{"a":0,"k":0,"ix":5},"nm":"Transform"}],"nm":"Group 4","np":2,"cix":2,"bm":0,"ix":3,"mn":"ADBE Vector Group","hd":false},{"ty":"gr","it":[{"ind":0,"ty":"sh","ix":1,"ks":{"a":0,"k":{"i":[[29.168,15.907],[0,0],[8.675,-4.851],[0,0],[0,0],[0,0],[0,0],[0,0]],"o":[[0,0],[-14.082,-8.122],[0,0],[0,0],[0,0],[0,0],[0,0],[0,-28.647]],"v":[[239.12,-124.76],[-56.547,-295.307],[-91.99,-299.646],[-91.996,-299.653],[-286.371,-186.372],[92.784,304.497],[286.371,191.677],[286.371,-50.253]],"c":true},"ix":2},"nm":"Path 1","mn":"ADBE Vector Shape - Group","hd":false},{"ty":"fl","c":{"a":0,"k":[0.908242019953,0.926455748315,0.930389523974,1],"ix":4},"o":{"a":0,"k":100,"ix":5},"r":1,"bm":0,"nm":"Fill 1","mn":"ADBE Vector Graphic - Fill","hd":false},{"ty":"tr","p":{"a":0,"k":[297.634,304.747],"ix":2},"a":{"a":0,"k":[0,0],"ix":1},"s":{"a":0,"k":[100,100],"ix":3},"r":{"a":0,"k":0,"ix":6},"o":{"a":0,"k":100,"ix":7},"sk":{"a":0,"k":0,"ix":4},"sa":{"a":0,"k":0,"ix":5},"nm":"Transform"}],"nm":"Group 5","np":2,"cix":2,"bm":0,"ix":4,"mn":"ADBE Vector Group","hd":false}],"ip":0,"op":180,"st":0,"bm":0}]},{"id":"comp_1","layers":[{"ddd":0,"ind":1,"ty":4,"nm":"hole Outlines 2","td":1,"sr":1,"ks":{"o":{"a":0,"k":100,"ix":11},"r":{"a":0,"k":0,"ix":10},"p":{"a":0,"k":[373.883,319.887,0],"ix":2},"a":{"a":0,"k":[167.135,96.656,0],"ix":1},"s":{"a":0,"k":[100,100,100],"ix":6}},"ao":0,"shapes":[{"ty":"gr","it":[{"ind":0,"ty":"sh","ix":1,"ks":{"a":0,"k":{"i":[[0.252,0.14],[0,0],[0,0],[0,0],[-1.245,-0.727],[0,0]],"o":[[0,0],[0,0],[0,0],[0,0],[0,0],[-0.252,-0.154]],"v":[[166.129,61.685],[167.379,-288.443],[-167.143,-288.405],[-166.885,-62.069],[108.049,96.405],[166.886,62.134]],"c":true},"ix":2},"nm":"Path 1","mn":"ADBE Vector Shape - Group","hd":false},{"ty":"fl","c":{"a":0,"k":[0.312061025582,0.416364841835,0.470994926901,1],"ix":4},"o":{"a":0,"k":100,"ix":5},"r":1,"bm":0,"nm":"Fill 1","mn":"ADBE Vector Graphic - Fill","hd":false},{"ty":"tr","p":{"a":0,"k":[167.135,96.656],"ix":2},"a":{"a":0,"k":[0,0],"ix":1},"s":{"a":0,"k":[100,100],"ix":3},"r":{"a":0,"k":0,"ix":6},"o":{"a":0,"k":100,"ix":7},"sk":{"a":0,"k":0,"ix":4},"sa":{"a":0,"k":0,"ix":5},"nm":"Transform"}],"nm":"Group 1","np":2,"cix":2,"bm":0,"ix":1,"mn":"ADBE Vector Group","hd":false}],"ip":0,"op":180,"st":0,"bm":0},{"ddd":0,"ind":2,"ty":4,"nm":"bread Outlines","tt":1,"sr":1,"ks":{"o":{"a":0,"k":100,"ix":11},"r":{"a":0,"k":0,"ix":10},"p":{"a":1,"k":[{"i":{"x":0.667,"y":1},"o":{"x":0.333,"y":0},"t":20,"s":[374.014,293.944,0],"to":[0,23.5,0],"ti":[0,-23.5,0]},{"i":{"x":0.667,"y":0.667},"o":{"x":0.333,"y":0.333},"t":40,"s":[374.014,434.944,0],"to":[0,0,0],"ti":[0,0,0]},{"i":{"x":0.667,"y":1},"o":{"x":0.333,"y":0},"t":120,"s":[374.014,434.944,0],"to":[0,-33.167,0],"ti":[0,23.5,0]},{"i":{"x":0.667,"y":1},"o":{"x":0.333,"y":0},"t":130,"s":[374.014,235.944,0],"to":[0,-23.5,0],"ti":[0,-9.667,0]},{"t":140,"s":[374.014,293.944,0]}],"ix":2},"a":{"a":0,"k":[149.819,187.598,0],"ix":1},"s":{"a":0,"k":[100,100,100],"ix":6}},"ao":0,"shapes":[{"ty":"gr","it":[{"ind":0,"ty":"sh","ix":1,"ks":{"a":0,"k":{"i":[[4.828,11.381],[0,0],[-0.878,-1.512],[0.748,-11.907],[-0.788,0.136],[0.02,0.749],[-7.113,3.578],[-0.066,9.546]],"o":[[0,0],[0,0],[1.279,2.205],[0,0],[0.453,-0.077],[-0.022,-0.749],[12.387,-6.229],[0.059,-8.486]],"v":[[15.097,-26.969],[-20.281,-6.458],[-20.281,-4.652],[-13.843,26.126],[-13.158,26.833],[-12.595,25.211],[-6.689,9.819],[21.1,-1.392]],"c":true},"ix":2},"nm":"Path 1","mn":"ADBE Vector Shape - Group","hd":false},{"ty":"fl","c":{"a":0,"k":[0.740962308996,0.480767433316,0.246313312007,1],"ix":4},"o":{"a":0,"k":100,"ix":5},"r":1,"bm":0,"nm":"Fill 1","mn":"ADBE Vector Graphic - Fill","hd":false},{"ty":"tr","p":{"a":0,"k":[274.83,253.802],"ix":2},"a":{"a":0,"k":[0,0],"ix":1},"s":{"a":0,"k":[100,100],"ix":3},"r":{"a":0,"k":0,"ix":6},"o":{"a":0,"k":100,"ix":7},"sk":{"a":0,"k":0,"ix":4},"sa":{"a":0,"k":0,"ix":5},"nm":"Transform"}],"nm":"Group 1","np":2,"cix":2,"bm":0,"ix":1,"mn":"ADBE Vector Group","hd":false},{"ty":"gr","it":[{"ind":0,"ty":"sh","ix":1,"ks":{"a":0,"k":{"i":[[-0.437,-0.312],[11.192,-59.817],[-0.795,-0.129],[-0.435,1.978],[-0.152,4.171],[-3.82,-0.324],[-0.016,8.326],[12.635,15.249],[26.957,4.659],[6.976,3.309]],"o":[[0,0],[0,0],[0.965,0.157],[2.995,-13.644],[0.333,-9.118],[3.867,0.327],[0.024,-12.48],[-7.239,-8.736],[-6.892,-1.192],[-0.998,-0.473]],"v":[[-41.912,-54.81],[6.05,52.987],[5.967,55.875],[7.548,53.337],[11.125,27.379],[37.583,15.315],[42.325,5.747],[21.026,-44.754],[-15.249,-35.602],[-41.225,-55.558]],"c":true},"ix":2},"nm":"Path 1","mn":"ADBE Vector Shape - Group","hd":false},{"ty":"fl","c":{"a":0,"k":[0.740962308996,0.480767433316,0.246313312007,1],"ix":4},"o":{"a":0,"k":100,"ix":5},"r":1,"bm":0,"nm":"Fill 1","mn":"ADBE Vector Graphic - Fill","hd":false},{"ty":"tr","p":{"a":0,"k":[254.67,172.927],"ix":2},"a":{"a":0,"k":[0,0],"ix":1},"s":{"a":0,"k":[100,100],"ix":3},"r":{"a":0,"k":0,"ix":6},"o":{"a":0,"k":100,"ix":7},"sk":{"a":0,"k":0,"ix":4},"sa":{"a":0,"k":0,"ix":5},"nm":"Transform"}],"nm":"Group 2","np":2,"cix":2,"bm":0,"ix":2,"mn":"ADBE Vector Group","hd":false},{"ty":"gr","it":[{"ind":0,"ty":"sh","ix":1,"ks":{"a":0,"k":{"i":[[0,0],[1.639,-9.299],[0.322,-26.666],[0,0],[2.521,17.871],[-1.793,2.003],[0,0],[0,0],[-2.758,29.957],[-14.173,0],[-39.859,-23.011],[-3.053,-39.159],[0.084,-0.112],[0,0]],"o":[[4.062,7.325],[-2.31,13.235],[0,0],[-0.07,-25.182],[-1.526,-10.924],[0,0],[0,0],[-0.966,-2.367],[1.191,-12.969],[20.811,0],[75.222,43.43],[2.522,32.268],[0,0],[0,0]],"v":[[114.254,51.28],[120.248,84.808],[116.775,169.414],[-117.406,34.334],[-120.474,-63.843],[-117,-86.517],[-111.118,-90.285],[-113.849,-97.021],[-120.39,-150.913],[-98.471,-169.414],[-4.384,-133.729],[120.626,-1.828],[114.996,41.672],[111.579,46.21]],"c":true},"ix":2},"nm":"Path 1","mn":"ADBE Vector Shape - Group","hd":false},{"ty":"fl","c":{"a":0,"k":[0.889295391008,0.795830580767,0.67618228688,1],"ix":4},"o":{"a":0,"k":100,"ix":5},"r":1,"bm":0,"nm":"Fill 1","mn":"ADBE Vector Graphic - Fill","hd":false},{"ty":"tr","p":{"a":0,"k":[132.362,200.574],"ix":2},"a":{"a":0,"k":[0,0],"ix":1},"s":{"a":0,"k":[100,100],"ix":3},"r":{"a":0,"k":0,"ix":6},"o":{"a":0,"k":100,"ix":7},"sk":{"a":0,"k":0,"ix":4},"sa":{"a":0,"k":0,"ix":5},"nm":"Transform"}],"nm":"Group 3","np":2,"cix":2,"bm":0,"ix":3,"mn":"ADBE Vector Group","hd":false},{"ty":"gr","it":[{"ind":0,"ty":"sh","ix":1,"ks":{"a":0,"k":{"i":[[0.015,0.771],[0.126,2.073],[0.014,0.168],[0.028,0.322],[0.056,0.799],[1.33,4.678],[0.266,0.841],[0,0],[0.224,0.588],[0.195,0.518],[0.014,0.07],[0.462,1.093],[14.201,14.678],[0.546,0.546],[0.574,0.56],[1.135,1.078],[0.561,0.532],[1.219,1.107],[1.232,1.107],[1.247,1.078],[1.274,1.05],[0.897,0.728],[0.028,0.014],[0.868,0.7],[9.075,6.246],[0.896,0.616],[0.911,0.602],[1.078,0.714],[1.106,0.714],[1.4,0.882],[1.358,0.84],[1.303,0.798],[1.092,0.658],[0.645,0.378],[0.631,0.378],[1.26,0.728],[14.005,6.162],[0.896,0.392],[1.485,0.602],[1.387,0.546],[0.967,0.364],[0.785,0.294],[0,0],[2.073,0.687],[2.031,0.588],[0.994,0.265],[1.89,0.42],[0.462,0.098],[0,0],[0.588,0.111],[0.309,0.055],[0.869,0.126],[6.904,-2.997],[0.393,-0.196],[0.322,-0.182],[0.056,-0.042],[0.028,-0.013],[1.037,-11.274],[-0.504,-1.26],[-1.933,-13.725],[-0.028,-20.489],[0,0],[0,0],[0,0],[0,0.728],[-0.014,1.274],[-0.015,1.4],[0,0.897],[-0.028,0.868],[-0.07,3.992],[-0.028,1.316],[-0.028,1.33],[-0.896,11.428],[0,0.056],[-0.365,2.479],[-0.07,0.434],[1.246,6.974],[0.098,0.519],[0.07,0.35],[0.084,0.364],[0.083,0.364],[0.392,1.372],[0.21,0.63],[0.225,0.63],[0,0.014],[0.014,0.014],[0.239,0.617],[0.014,0.013],[0.294,0.644],[0.042,0.07],[0.364,0.672],[0.07,0.112],[-0.042,0.056],[-0.056,0.097],[-0.238,0.393],[-0.098,0.154],[-0.084,0.154],[-0.042,0.084],[-0.042,0.098],[-0.266,0.574],[-0.868,12.031],[0,0],[-0.027,0.518],[-0.015,0.491],[-0.014,0.617],[0,1.667]],"o":[[-0.042,-1.905],[-0.015,-0.168],[-0.013,-0.308],[-0.042,-0.77],[-0.364,-4.705],[-0.224,-0.84],[0,0],[-0.196,-0.603],[-0.183,-0.518],[-0.042,-0.07],[-0.42,-1.092],[-6.821,-15.854],[-0.547,-0.546],[-0.56,-0.56],[-1.107,-1.093],[-0.56,-0.533],[-1.204,-1.134],[-1.218,-1.12],[-1.233,-1.092],[-1.246,-1.078],[-0.882,-0.756],[-0.014,-0.014],[-0.854,-0.7],[-8.655,-6.961],[-0.91,-0.616],[-0.91,-0.616],[-1.092,-0.729],[-1.092,-0.701],[-1.387,-0.896],[-1.358,-0.855],[-1.303,-0.812],[-1.106,-0.686],[-0.644,-0.379],[-0.644,-0.378],[-1.288,-0.743],[-13.501,-7.787],[-0.897,-0.393],[-1.471,-0.63],[-1.373,-0.56],[-0.966,-0.378],[-0.784,-0.295],[0,0],[-2.1,-0.77],[-2.059,-0.672],[-1.008,-0.294],[-1.961,-0.533],[-0.477,-0.112],[0,0],[-0.574,-0.112],[-0.308,-0.057],[-0.882,-0.155],[-10.139,-1.428],[-0.406,0.182],[-0.322,0.155],[-0.056,0.028],[-0.028,0.014],[-7.073,3.992],[-3.025,32.968],[-5.014,3.194],[2.619,18.641],[0,0],[0,0],[0,0],[0,-0.673],[0,-1.134],[0.014,-1.288],[0.014,-0.868],[0.014,-0.868],[0.042,-3.586],[0.013,-1.288],[0.027,-1.303],[0.336,-15.252],[0,-0.057],[0.295,-3.669],[0.07,-0.49],[0.952,-5.49],[-0.099,-0.532],[-0.07,-0.35],[-0.069,-0.378],[-0.071,-0.365],[-0.351,-1.456],[-0.196,-0.658],[-0.21,-0.644],[0,-0.014],[0,-0.014],[-0.21,-0.63],[-0.014,-0.027],[-0.265,-0.659],[-0.028,-0.07],[-0.336,-0.77],[-0.055,-0.112],[0.013,-0.028],[0.07,-0.098],[0.167,-0.224],[0.084,-0.14],[0.07,-0.126],[0.042,-0.084],[0.042,-0.07],[0.238,-0.449],[1.905,-4.173],[0,0],[0.029,-0.504],[0.015,-0.462],[0.027,-0.63],[0.057,-1.526],[0,-0.743]],"v":[[130.956,9.418],[130.718,3.466],[130.689,2.976],[130.619,2.037],[130.465,-0.302],[127.861,-14.391],[127.132,-16.912],[126.629,-18.466],[125.999,-20.259],[125.425,-21.828],[125.34,-22.052],[124.01,-25.343],[91.42,-71.406],[89.795,-73.059],[88.101,-74.739],[84.753,-78.002],[83.072,-79.599],[79.445,-82.975],[75.762,-86.308],[72.036,-89.571],[68.255,-92.778],[65.58,-95.005],[65.524,-95.047],[62.947,-97.147],[36.197,-116.993],[33.48,-118.842],[30.749,-120.676],[27.499,-122.833],[24.209,-124.962],[20.035,-127.623],[15.973,-130.172],[12.066,-132.581],[8.761,-134.583],[6.827,-135.732],[4.923,-136.866],[1.114,-139.079],[-40.719,-160.521],[-43.423,-161.698],[-47.848,-163.546],[-51.966,-165.199],[-54.865,-166.319],[-57.218,-167.202],[-57.246,-167.202],[-63.506,-169.387],[-69.64,-171.291],[-72.637,-172.131],[-78.407,-173.56],[-79.808,-173.868],[-81.657,-174.246],[-83.393,-174.582],[-84.332,-174.736],[-86.951,-175.157],[-112.874,-173.154],[-114.065,-172.594],[-115.031,-172.089],[-115.213,-171.992],[-115.297,-171.95],[-127.958,-149.499],[-120.815,-91.518],[-127.986,-60.412],[-125.017,31.504],[-116.277,36.546],[117.903,171.626],[126.503,176.585],[126.517,174.483],[126.545,170.856],[126.587,166.823],[126.615,164.175],[126.657,161.585],[126.839,150.156],[126.908,146.263],[126.993,142.314],[128.77,99.416],[128.785,99.247],[129.766,89.934],[129.99,88.533],[129.29,68.884],[128.996,67.301],[128.785,66.265],[128.548,65.159],[128.309,64.066],[127.189,59.823],[126.587,57.89],[125.942,55.985],[125.929,55.943],[125.9,55.887],[125.228,54.024],[125.2,53.955],[124.374,51.994],[124.262,51.77],[123.197,49.599],[123.016,49.249],[123.1,49.137],[123.309,48.843],[123.912,47.918],[124.178,47.484],[124.416,47.05],[124.542,46.812],[124.682,46.56],[125.438,45.019],[130.689,21.322],[130.689,21.294],[130.788,19.754],[130.845,18.339],[130.913,16.462],[130.984,11.687]],"c":true},"ix":2},"nm":"Path 1","mn":"ADBE Vector Shape - Group","hd":false},{"ty":"fl","c":{"a":0,"k":[0.657515342563,0.438121810614,0.243811723298,1],"ix":4},"o":{"a":0,"k":100,"ix":5},"r":1,"bm":0,"nm":"Fill 1","mn":"ADBE Vector Graphic - Fill","hd":false},{"ty":"tr","p":{"a":0,"k":[131.234,198.361],"ix":2},"a":{"a":0,"k":[0,0],"ix":1},"s":{"a":0,"k":[100,100],"ix":3},"r":{"a":0,"k":0,"ix":6},"o":{"a":0,"k":100,"ix":7},"sk":{"a":0,"k":0,"ix":4},"sa":{"a":0,"k":0,"ix":5},"nm":"Transform"}],"nm":"Group 4","np":2,"cix":2,"bm":0,"ix":4,"mn":"ADBE Vector Group","hd":false},{"ty":"gr","it":[{"ind":0,"ty":"sh","ix":1,"ks":{"a":0,"k":{"i":[[1.681,-1.652],[0.007,-0.027],[-1.247,-5.616],[0.252,-6.106],[0.406,-5.322],[0.238,-5.49],[0.014,-0.966],[0,0],[0,0],[0,0],[0,0],[2.62,18.641],[-5.014,3.193],[-3.026,32.969],[-6.96,4.005],[-0.056,0.042],[0,0],[-0.237,0.14],[-11.596,6.737],[-10.252,-1.541],[-13.137,-5.504],[-25.222,-17.087],[-19.412,-23.613],[-5.097,-12.983],[0.267,-12.968],[3.193,-8.557]],"o":[[-0.057,0.056],[2.814,5.042],[1.303,5.952],[-0.225,5.322],[-0.42,5.476],[-0.826,19.229],[0,0],[0,0],[0,0],[0,0],[-0.028,-20.49],[-1.932,-13.725],[-0.504,-1.26],[1.022,-11.176],[0.056,-0.042],[0,0],[0.252,-0.14],[11.597,-6.751],[9.146,-5.308],[14.117,2.143],[28.123,11.765],[25.21,17.072],[8.823,10.742],[4.748,12.142],[-0.196,9.076],[-0.799,2.129]],"v":[[141.446,38.444],[141.362,38.556],[146.992,54.872],[148.827,73.065],[147.09,89.017],[146.151,105.473],[144.835,165.821],[107.918,187.348],[99.318,182.39],[-134.863,47.309],[-143.602,42.268],[-146.572,-49.649],[-139.401,-80.754],[-146.543,-138.736],[-134.065,-161.074],[-133.897,-161.186],[-133.883,-161.186],[-133.155,-161.606],[-98.366,-181.83],[-68.254,-185.807],[-27.387,-173.385],[52.638,-128.988],[121.713,-68.766],[143.518,-33.206],[149.302,4.579],[144.933,31.553]],"c":true},"ix":2},"nm":"Path 1","mn":"ADBE Vector Shape - Group","hd":false},{"ty":"fl","c":{"a":0,"k":[0.568532666973,0.308712170171,0.096049858542,1],"ix":4},"o":{"a":0,"k":100,"ix":5},"r":1,"bm":0,"nm":"Fill 1","mn":"ADBE Vector Graphic - Fill","hd":false},{"ty":"tr","p":{"a":0,"k":[149.819,187.598],"ix":2},"a":{"a":0,"k":[0,0],"ix":1},"s":{"a":0,"k":[100,100],"ix":3},"r":{"a":0,"k":0,"ix":6},"o":{"a":0,"k":100,"ix":7},"sk":{"a":0,"k":0,"ix":4},"sa":{"a":0,"k":0,"ix":5},"nm":"Transform"}],"nm":"Group 5","np":2,"cix":2,"bm":0,"ix":5,"mn":"ADBE Vector Group","hd":false}],"ip":0,"op":180,"st":0,"bm":0},{"ddd":0,"ind":3,"ty":4,"nm":"hole Outlines","sr":1,"ks":{"o":{"a":0,"k":100,"ix":11},"r":{"a":0,"k":0,"ix":10},"p":{"a":0,"k":[373.883,319.887,0],"ix":2},"a":{"a":0,"k":[167.135,96.656,0],"ix":1},"s":{"a":0,"k":[100,100,100],"ix":6}},"ao":0,"shapes":[{"ty":"gr","it":[{"ind":0,"ty":"sh","ix":1,"ks":{"a":0,"k":{"i":[[0.252,0.14],[0,0],[0,0],[-1.245,-0.727],[0,0]],"o":[[0,0],[0,0],[0,0],[0,0],[-0.252,-0.154]],"v":[[166.129,61.685],[-107.945,-96.405],[-166.885,-62.069],[108.049,96.405],[166.886,62.134]],"c":true},"ix":2},"nm":"Path 1","mn":"ADBE Vector Shape - Group","hd":false},{"ty":"fl","c":{"a":0,"k":[0.312061025582,0.416364841835,0.470994926901,1],"ix":4},"o":{"a":0,"k":100,"ix":5},"r":1,"bm":0,"nm":"Fill 1","mn":"ADBE Vector Graphic - Fill","hd":false},{"ty":"tr","p":{"a":0,"k":[167.135,96.656],"ix":2},"a":{"a":0,"k":[0,0],"ix":1},"s":{"a":0,"k":[100,100],"ix":3},"r":{"a":0,"k":0,"ix":6},"o":{"a":0,"k":100,"ix":7},"sk":{"a":0,"k":0,"ix":4},"sa":{"a":0,"k":0,"ix":5},"nm":"Transform"}],"nm":"Group 1","np":2,"cix":2,"bm":0,"ix":1,"mn":"ADBE Vector Group","hd":false}],"ip":0,"op":180,"st":0,"bm":0}]}],"layers":[{"ddd":0,"ind":1,"ty":4,"nm":"Shape Layer 3","sr":1,"ks":{"o":{"a":0,"k":40,"ix":11},"r":{"a":0,"k":0,"ix":10},"p":{"a":0,"k":[844,439.5,0],"ix":2},"a":{"a":0,"k":[0,0,0],"ix":1},"s":{"a":0,"k":[100,100,100],"ix":6}},"ao":0,"shapes":[{"ty":"gr","it":[{"ind":0,"ty":"sh","ix":1,"ks":{"a":0,"k":{"i":[[0,0],[3.389,-40.667],[-14,-44.5]],"o":[[0,0],[-1.5,18],[12.718,40.426]],"v":[[-229.5,-365.5],[-217,-310.5],[-229,-228.5]],"c":false},"ix":2},"nm":"Path 1","mn":"ADBE Vector Shape - Group","hd":false},{"ty":"st","c":{"a":0,"k":[0.890196144581,0.796078503132,0.674509823322,1],"ix":3},"o":{"a":0,"k":100,"ix":4},"w":{"a":0,"k":5,"ix":5},"lc":2,"lj":2,"bm":0,"nm":"Stroke 1","mn":"ADBE Vector Graphic - Stroke","hd":false},{"ty":"tr","p":{"a":0,"k":[0,0],"ix":2},"a":{"a":0,"k":[0,0],"ix":1},"s":{"a":0,"k":[100,100],"ix":3},"r":{"a":0,"k":0,"ix":6},"o":{"a":0,"k":100,"ix":7},"sk":{"a":0,"k":0,"ix":4},"sa":{"a":0,"k":0,"ix":5},"nm":"Transform"}],"nm":"Shape 1","np":2,"cix":2,"bm":0,"ix":1,"mn":"ADBE Vector Group","hd":false},{"ty":"tm","s":{"a":1,"k":[{"i":{"x":[0.667],"y":[1]},"o":{"x":[0.333],"y":[0]},"t":147.406,"s":[100]},{"t":160,"s":[0]}],"ix":1},"e":{"a":1,"k":[{"i":{"x":[0.667],"y":[1]},"o":{"x":[0.333],"y":[0]},"t":137.334,"s":[100]},{"t":149.92578125,"s":[0]}],"ix":2},"o":{"a":0,"k":0,"ix":3},"m":1,"ix":2,"nm":"Trim Paths 1","mn":"ADBE Vector Filter - Trim","hd":false}],"ip":137,"op":161,"st":9,"bm":0},{"ddd":0,"ind":2,"ty":4,"nm":"Shape Layer 2","sr":1,"ks":{"o":{"a":0,"k":40,"ix":11},"r":{"a":0,"k":0,"ix":10},"p":{"a":0,"k":[434,419.5,0],"ix":2},"a":{"a":0,"k":[0,0,0],"ix":1},"s":{"a":0,"k":[100,100,100],"ix":6}},"ao":0,"shapes":[{"ty":"gr","it":[{"ind":0,"ty":"sh","ix":1,"ks":{"a":0,"k":{"i":[[0,0],[-6.5,-45.75],[-2.25,-23.25]],"o":[[0,0],[6.421,45.192],[4.082,42.182]],"v":[[-220.5,-364],[-228,-303.25],[-244,-230]],"c":false},"ix":2},"nm":"Path 1","mn":"ADBE Vector Shape - Group","hd":false},{"ty":"st","c":{"a":0,"k":[0.890196144581,0.796078503132,0.674509823322,1],"ix":3},"o":{"a":0,"k":100,"ix":4},"w":{"a":0,"k":5,"ix":5},"lc":2,"lj":2,"bm":0,"nm":"Stroke 1","mn":"ADBE Vector Graphic - Stroke","hd":false},{"ty":"tr","p":{"a":0,"k":[0,0],"ix":2},"a":{"a":0,"k":[0,0],"ix":1},"s":{"a":0,"k":[100,100],"ix":3},"r":{"a":0,"k":0,"ix":6},"o":{"a":0,"k":100,"ix":7},"sk":{"a":0,"k":0,"ix":4},"sa":{"a":0,"k":0,"ix":5},"nm":"Transform"}],"nm":"Shape 1","np":2,"cix":2,"bm":0,"ix":1,"mn":"ADBE Vector Group","hd":false},{"ty":"tm","s":{"a":1,"k":[{"i":{"x":[0.667],"y":[1]},"o":{"x":[0.333],"y":[0]},"t":141.111,"s":[100]},{"t":153.705078125,"s":[0]}],"ix":1},"e":{"a":1,"k":[{"i":{"x":[0.667],"y":[1]},"o":{"x":[0.333],"y":[0]},"t":131.037,"s":[100]},{"t":143.62890625,"s":[0]}],"ix":2},"o":{"a":0,"k":0,"ix":3},"m":1,"ix":2,"nm":"Trim Paths 1","mn":"ADBE Vector Filter - Trim","hd":false}],"ip":131,"op":155,"st":4,"bm":0},{"ddd":0,"ind":3,"ty":4,"nm":"Shape Layer 1","sr":1,"ks":{"o":{"a":0,"k":40,"ix":11},"r":{"a":0,"k":0,"ix":10},"p":{"a":0,"k":[407,449.5,0],"ix":2},"a":{"a":0,"k":[0,0,0],"ix":1},"s":{"a":0,"k":[100,100,100],"ix":6}},"ao":0,"shapes":[{"ty":"gr","it":[{"ind":0,"ty":"sh","ix":1,"ks":{"a":0,"k":{"i":[[0,0],[3.389,-40.667],[-14,-44.5]],"o":[[0,0],[-1.5,18],[12.718,40.426]],"v":[[-229.5,-365.5],[-217,-310.5],[-229,-228.5]],"c":false},"ix":2},"nm":"Path 1","mn":"ADBE Vector Shape - Group","hd":false},{"ty":"st","c":{"a":0,"k":[0.890196144581,0.796078503132,0.674509823322,1],"ix":3},"o":{"a":0,"k":100,"ix":4},"w":{"a":0,"k":5,"ix":5},"lc":2,"lj":2,"bm":0,"nm":"Stroke 1","mn":"ADBE Vector Graphic - Stroke","hd":false},{"ty":"tr","p":{"a":0,"k":[0,0],"ix":2},"a":{"a":0,"k":[0,0],"ix":1},"s":{"a":0,"k":[100,100],"ix":3},"r":{"a":0,"k":0,"ix":6},"o":{"a":0,"k":100,"ix":7},"sk":{"a":0,"k":0,"ix":4},"sa":{"a":0,"k":0,"ix":5},"nm":"Transform"}],"nm":"Shape 1","np":2,"cix":2,"bm":0,"ix":1,"mn":"ADBE Vector Group","hd":false},{"ty":"tm","s":{"a":1,"k":[{"i":{"x":[0.667],"y":[1]},"o":{"x":[0.333],"y":[0]},"t":136.074,"s":[100]},{"t":148.666015625,"s":[0]}],"ix":1},"e":{"a":1,"k":[{"i":{"x":[0.667],"y":[1]},"o":{"x":[0.333],"y":[0]},"t":126,"s":[100]},{"t":138.59375,"s":[0]}],"ix":2},"o":{"a":0,"k":0,"ix":3},"m":1,"ix":2,"nm":"Trim Paths 1","mn":"ADBE Vector Filter - Trim","hd":false}],"ip":126,"op":150,"st":0,"bm":0},{"ddd":0,"ind":4,"ty":0,"nm":"toaster outline","refId":"comp_0","sr":1,"ks":{"o":{"a":0,"k":100,"ix":11},"r":{"a":0,"k":0,"ix":10},"p":{"a":1,"k":[{"i":{"x":0.667,"y":1},"o":{"x":0.333,"y":0},"t":130,"s":[400,400,0],"to":[0,0,0],"ti":[0,0,0]},{"i":{"x":0.667,"y":1},"o":{"x":0.333,"y":0},"t":135,"s":[400,384,0],"to":[0,0,0],"ti":[0,0,0]},{"t":140,"s":[400,400,0]}],"ix":2},"a":{"a":0,"k":[400,400,0],"ix":1},"s":{"a":0,"k":[100,100,100],"ix":6}},"ao":0,"w":800,"h":800,"ip":0,"op":180,"st":0,"bm":0},{"ddd":0,"ind":5,"ty":4,"nm":"shadow Outlines","sr":1,"ks":{"o":{"a":1,"k":[{"i":{"x":[0.667],"y":[1]},"o":{"x":[0.333],"y":[0]},"t":130,"s":[20]},{"i":{"x":[0.667],"y":[1]},"o":{"x":[0.333],"y":[0]},"t":135,"s":[15]},{"t":140,"s":[20]}],"ix":11},"r":{"a":0,"k":0,"ix":10},"p":{"a":0,"k":[418.555,605.85,0],"ix":2},"a":{"a":0,"k":[292.186,168.687,0],"ix":1},"s":{"a":0,"k":[100,100,100],"ix":6}},"ao":0,"shapes":[{"ty":"gr","it":[{"ind":0,"ty":"sh","ix":1,"ks":{"a":0,"k":{"i":[[0,0],[0,0],[0,0],[0,0]],"o":[[0,0],[0,0],[0,0],[0,0]],"v":[[-291.936,-55.91],[-98.207,-168.437],[291.936,56.617],[98.248,168.437]],"c":true},"ix":2},"nm":"Path 1","mn":"ADBE Vector Shape - Group","hd":false},{"ty":"fl","c":{"a":0,"k":[0.312061025582,0.416364841835,0.470994926901,1],"ix":4},"o":{"a":0,"k":100,"ix":5},"r":1,"bm":0,"nm":"Fill 1","mn":"ADBE Vector Graphic - Fill","hd":false},{"ty":"tr","p":{"a":0,"k":[292.186,168.687],"ix":2},"a":{"a":0,"k":[0,0],"ix":1},"s":{"a":0,"k":[100,100],"ix":3},"r":{"a":0,"k":0,"ix":6},"o":{"a":0,"k":100,"ix":7},"sk":{"a":0,"k":0,"ix":4},"sa":{"a":0,"k":0,"ix":5},"nm":"Transform"}],"nm":"Group 1","np":2,"cix":2,"bm":0,"ix":1,"mn":"ADBE Vector Group","hd":false}],"ip":0,"op":180,"st":0,"bm":0}],"markers":[]}